ID,Data,Produto,Categoria,Quantidade,Preco,Valor_Total
2,2023-05-21,Mouse Gamer,Acessórios,8,136.34,1090.72
3,2023-11-14,Fone Bluetooth,Acessórios,6,139.82,838.92
5,2023-09-19,Notebook HP,Informática,6,4145.99,24875.94
6,2023-05-24,Webcam HD,Acessórios,4,196.77,787.08
7,2023-01-13,iPhone,Telefonia,8,4415.75,35326.0
8,2023-11-19,Carregador USB,Acessórios,4,54.69,218.76
9,2023-06-22,Teclado Wireless,Acessórios,12,215.16,2581.92
10,2023-03-10,Teclado Wireless,Acessórios,9,218.69,1968.21
11,2023-01-20,iPhone,Telefonia,12,4410.25,52923.0
12,2023-06-25,Fone Bluetooth,Acessórios,11,166.61,1832.71
13,2023-12-22,"Monitor 24""",Informática,5,1101.0,5505.0
14,2023-09-05,"Monitor 24""",Informática,13,1176.35,15292.55
15,2023-06-05,Notebook HP,Informática,11,3763.87,41402.57
16,2023-11-03,Carregador USB,Acessórios,4,49.06,196.24
17,2023-01-13,Notebook HP,Informática,9,4297.67,38679.03
18,2023-08-17,Fone Bluetooth,Acessórios,9,151.68,1365.1200000000001
19,2023-09-29,Webcam HD,Acessórios,12,178.93,2147.16
20,2023-07-27,Mouse Gamer,Acessórios,9,164.17,1477.53
21,2023-04-02,Smartphone Samsung,Telefonia,11,2529.88,27828.68
22,2023-06-01,Fone Bluetooth,Acessórios,14,150.0,2100.0
24,2023-01-03,"Monitor 24""",Informática,14,1040.91,14572.740000000002
25,2023-07-31,Notebook HP,Informática,4,4096.07,16384.28
26,2023-02-22,Webcam HD,Acessórios,7,165.17,1156.1899999999998
27,2023-12-01,Teclado Wireless,Acessórios,9,229.31,2063.79
28,2023-09-12,Notebook HP,Informática,13,4276.15,55589.95
29,2023-01-07,Notebook HP,Informática,3,3909.61,11728.83
30,2023-07-16,Mouse Gamer,Acessórios,4,140.88,563.52
31,2023-07-26,Notebook HP,Informática,13,3864.9,50243.700000000004
32,2023-06-23,iPhone,Telefonia,2,4320.86,8641.72
34,2023-03-14,Teclado Wireless,Acessórios,13,217.41,2826.33
35,2023-06-18,Notebook HP,Informática,6,4029.39,24176.34
36,2023-09-13,Notebook HP,Informática,14,3992.62,55896.68
37,2023-02-11,Smartphone Samsung,Telefonia,12,2731.28,32775.36
38,2023-05-10,Fone Bluetooth,Acessórios,6,128.33,769.98
39,2023-09-09,Notebook Dell,Informática,5,4371.39,21856.95
40,2023-02-08,"Monitor 24""",Informática,10,1214.65,12146.5
41,2023-10-23,Teclado Wireless,Acessórios,5,221.57,1107.85
42,2023-03-06,Notebook HP,Informática,2,4188.43,8376.86
43,2023-07-12,Teclado Wireless,Acessórios,7,221.25,1548.75
44,2023-03-19,Mouse Gamer,Acessórios,6,144.98,869.8799999999999
45,2023-05-12,Notebook HP,Informática,12,4293.38,51520.56
46,2023-06-09,Teclado Wireless,Acessórios,10,193.22,1932.2
47,2023-10-21,Mouse Gamer,Acessórios,14,151.3,2118.2000000000003
48,2023-02-14,Notebook Dell,Informática,4,4710.86,18843.44
49,2023-02-11,"Monitor 24""",Informática,1,1082.78,1082.78
50,2023-05-06,"Monitor 24""",Informática,7,1276.75,8937.25
51,2023-06-14,Notebook Dell,Informática,9,3976.04,35784.36
52,2023-01-11,Mouse Gamer,Acessórios,10,146.04,1460.3999999999999
53,2023-07-03,iPhone,Telefonia,12,5749.74,68996.88
54,2023-07-22,Teclado Wireless,Acessórios,12,172.81,2073.7200000000003
55,2023-10-04,Webcam HD,Acessórios,15,184.78,2771.7
56,2023-09-04,Webcam HD,Acessórios,6,176.43,1058.58
57,2023-11-26,Mouse Gamer,Acessórios,7,166.37,1164.5900000000001
58,2023-06-17,Notebook Dell,Informática,5,4008.64,20043.2
59,2023-07-22,Notebook Dell,Informática,8,4505.12,36040.96
60,2023-11-23,Teclado Wireless,Acessórios,11,202.21,2224.31
61,2023-12-25,Notebook Dell,Informática,14,4616.93,64637.020000000004
62,2023-06-27,"Monitor 24""",Informática,2,1303.92,2607.84
63,2023-10-07,Teclado Wireless,Acessórios,12,171.52,2058.2400000000002
64,2023-06-23,Notebook HP,Informática,3,3681.11,11043.33
65,2023-01-25,Mouse Gamer,Acessórios,1,170.29,170.29
66,2023-07-02,Fone Bluetooth,Acessórios,15,127.76,1916.4
67,2023-07-05,Mouse Gamer,Acessórios,3,161.19,483.57
68,2023-07-27,iPhone,Telefonia,9,5212.53,46912.77
69,2023-11-08,Notebook HP,Informática,8,3671.52,29372.16
70,2023-04-30,Webcam HD,Acessórios,13,205.39,2670.0699999999997
71,2023-10-08,Smartphone Samsung,Telefonia,14,2399.34,33590.76
72,2023-04-28,Teclado Wireless,Acessórios,15,191.94,2879.1
73,2023-06-02,Webcam HD,Acessórios,7,155.64,1089.48
74,2023-12-10,Webcam HD,Acessórios,10,199.35,1993.5
75,2023-01-06,Teclado Wireless,Acessórios,6,229.98,1379.8799999999999
76,2023-12-28,iPhone,Telefonia,8,4338.79,34710.32
77,2023-08-03,iPhone,Telefonia,8,5419.25,43354.0
78,2023-09-23,Notebook HP,Informática,9,4018.11,36162.99
79,2023-12-20,Mouse Gamer,Acessórios,4,154.37,617.48
80,2023-06-06,Smartphone Samsung,Telefonia,14,2734.46,38282.44
81,2023-10-08,Mouse Gamer,Acessórios,5,154.07,770.3499999999999
82,2023-05-22,Carregador USB,Acessórios,1,44.85,44.85
83,2023-02-22,Notebook HP,Informática,2,3467.07,6934.14
84,2023-11-21,Mouse Gamer,Acessórios,13,152.54,1983.02
85,2023-12-23,Fone Bluetooth,Acessórios,8,155.04,1240.32
86,2023-08-09,Fone Bluetooth,Acessórios,9,134.59,1211.31
87,2023-05-06,Carregador USB,Acessórios,7,50.69,354.83
88,2023-10-18,Mouse Gamer,Acessórios,12,156.43,1877.16
89,2023-12-11,Fone Bluetooth,Acessórios,4,137.55,550.2
90,2023-02-25,Webcam HD,Acessórios,7,182.77,1279.39
91,2023-10-11,Teclado Wireless,Acessórios,7,226.53,1585.71
92,2023-09-24,Teclado Wireless,Acessórios,10,214.34,2143.4
93,2023-05-08,Fone Bluetooth,Acessórios,12,159.85,1918.1999999999998
94,2023-06-16,Notebook Dell,Informática,14,4739.6,66354.40000000001
96,2023-04-07,iPhone,Telefonia,3,5616.13,16848.39
97,2023-04-08,Mouse Gamer,Acessórios,10,130.81,1308.1
98,2023-05-28,Fone Bluetooth,Acessórios,15,172.17,2582.5499999999997
99,2023-06-09,Teclado Wireless,Acessórios,3,215.42,646.26
100,2023-07-23,Notebook Dell,Informática,5,4397.57,21987.85
101,2023-01-22,Smartphone Samsung,Telefonia,6,2506.29,15037.74
102,2023-08-23,Teclado Wireless,Acessórios,13,204.13,2653.69
103,2023-08-02,Smartphone Samsung,Telefonia,14,2695.04,37730.56
104,2023-01-18,Smartphone Samsung,Telefonia,2,2491.97,4983.94
105,2023-04-11,Webcam HD,Acessórios,5,174.44,872.2
106,2023-07-04,Notebook Dell,Informática,6,4968.25,29809.5
107,2023-07-12,Smartphone Samsung,Telefonia,8,2421.2,19369.6
108,2023-03-27,"Monitor 24""",Informática,14,1375.87,19262.18
109,2023-08-23,"Monitor 24""",Informática,11,1250.15,13751.650000000001
110,2023-01-04,Fone Bluetooth,Acessórios,10,156.68,1566.8000000000002
111,2023-09-26,Teclado Wireless,Acessórios,12,188.06,2256.7200000000003
112,2023-04-03,Notebook Dell,Informática,14,3912.0,54768.0
113,2023-02-05,iPhone,Telefonia,3,4524.04,13572.119999999999
114,2023-08-24,iPhone,Telefonia,2,5209.11,10418.22
115,2023-05-20,Carregador USB,Acessórios,4,51.27,205.08
116,2023-10-10,Mouse Gamer,Acessórios,2,166.2,332.4
117,2023-08-26,Teclado Wireless,Acessórios,4,227.91,911.64
118,2023-01-08,Carregador USB,Acessórios,15,52.67,790.0500000000001
119,2023-05-31,Fone Bluetooth,Acessórios,8,169.44,1355.52
120,2023-04-22,iPhone,Telefonia,10,5540.21,55402.1
122,2023-02-20,iPhone,Telefonia,3,5131.94,15395.82
123,2023-05-31,"Monitor 24""",Informática,2,1206.12,2412.24
124,2023-02-09,Teclado Wireless,Acessórios,8,190.86,1526.88
125,2023-02-04,Smartphone Samsung,Telefonia,7,2825.74,19780.18
126,2023-10-25,Fone Bluetooth,Acessórios,2,149.46,298.92
128,2023-08-17,iPhone,Telefonia,7,4609.45,32266.149999999998
129,2023-12-01,Mouse Gamer,Acessórios,13,148.09,1925.17
130,2023-01-07,Teclado Wireless,Acessórios,10,228.09,2280.9
131,2023-10-23,Webcam HD,Acessórios,14,195.66,2739.24
132,2023-10-07,Mouse Gamer,Acessórios,13,146.06,1898.78
133,2023-06-15,Notebook Dell,Informática,14,4678.2,65494.799999999996
134,2023-09-20,Mouse Gamer,Acessórios,7,150.77,1055.39
135,2023-10-29,Notebook Dell,Informática,1,4174.9,4174.9
136,2023-01-20,"Monitor 24""",Informática,3,1365.88,4097.64
137,2023-11-23,Notebook Dell,Informática,6,4977.72,29866.32
138,2023-06-26,Teclado Wireless,Acessórios,9,219.52,1975.68
139,2023-05-08,Notebook HP,Informática,9,3434.08,30906.72
140,2023-05-27,Smartphone Samsung,Telefonia,6,2634.79,15808.74
141,2023-04-30,Mouse Gamer,Acessórios,5,154.18,770.9000000000001
142,2023-02-17,Mouse Gamer,Acessórios,10,171.91,1719.1
143,2023-03-08,"Monitor 24""",Informática,8,1095.77,8766.16
144,2023-12-24,Carregador USB,Acessórios,2,42.52,85.04
145,2023-10-27,Webcam HD,Acessórios,13,167.25,2174.25
146,2023-04-18,Notebook Dell,Informática,8,5070.15,40561.2
147,2023-12-14,Carregador USB,Acessórios,14,53.52,749.2800000000001
148,2023-10-12,Fone Bluetooth,Acessórios,11,132.25,1454.75
150,2023-08-05,Mouse Gamer,Acessórios,6,144.18,865.08
151,2023-06-30,"Monitor 24""",Informática,8,1063.43,8507.44
152,2023-11-04,Carregador USB,Acessórios,14,49.39,691.46
153,2023-08-21,Teclado Wireless,Acessórios,15,228.28,3424.2
154,2023-07-24,Notebook HP,Informática,13,3318.37,43138.81
155,2023-07-14,Notebook HP,Informática,10,3590.56,35905.6
156,2023-01-27,Carregador USB,Acessórios,13,55.15,716.9499999999999
158,2023-01-12,iPhone,Telefonia,5,5529.1,27645.5
159,2023-12-08,Fone Bluetooth,Acessórios,8,149.35,1194.8
160,2023-10-14,Webcam HD,Acessórios,11,173.29,1906.1899999999998
161,2023-07-24,Webcam HD,Acessórios,10,186.49,1864.9
162,2023-12-19,Smartphone Samsung,Telefonia,4,2728.56,10914.24
163,2023-02-03,Teclado Wireless,Acessórios,13,199.99,2599.87
164,2023-06-15,"Monitor 24""",Informática,7,1288.19,9017.33
165,2023-11-06,Notebook Dell,Informática,12,4170.74,50048.88
166,2023-02-08,"Monitor 24""",Informática,1,1023.82,1023.82
167,2023-10-07,Smartphone Samsung,Telefonia,8,2438.23,19505.84
168,2023-11-20,"Monitor 24""",Informática,1,1020.63,1020.63
169,2023-12-24,Notebook Dell,Informática,6,4880.51,29283.06
170,2023-04-27,Notebook HP,Informática,12,4348.38,52180.56
171,2023-02-17,Carregador USB,Acessórios,9,55.03,495.27
172,2023-08-13,Carregador USB,Acessórios,8,47.0,376.0
173,2023-03-31,Fone Bluetooth,Acessórios,5,156.82,784.0999999999999
174,2023-03-21,Webcam HD,Acessórios,12,170.3,2043.6000000000001
175,2023-11-01,Mouse Gamer,Acessórios,14,138.69,1941.6599999999999
176,2023-09-05,Carregador USB,Acessórios,9,42.61,383.49
177,2023-03-15,"Monitor 24""",Informática,10,1062.93,10629.300000000001
178,2023-06-30,Teclado Wireless,Acessórios,7,200.3,1402.1000000000001
179,2023-05-09,Notebook HP,Informática,11,3441.95,37861.45
180,2023-01-07,Teclado Wireless,Acessórios,11,176.41,1940.51
181,2023-03-20,Notebook HP,Informática,8,3334.28,26674.24
183,2023-07-01,"Monitor 24""",Informática,10,1249.32,12493.199999999999
184,2023-05-09,Notebook HP,Informática,14,3480.6,48728.4
185,2023-05-17,Smartphone Samsung,Telefonia,2,2811.5,5623.0
186,2023-09-16,iPhone,Telefonia,12,4958.36,59500.31999999999
187,2023-11-22,"Monitor 24""",Informática,10,1133.45,11334.5
188,2023-03-14,Webcam HD,Acessórios,7,176.16,1233.12
189,2023-02-15,Carregador USB,Acessórios,2,54.7,109.4
190,2023-02-25,Webcam HD,Acessórios,9,186.88,1681.92
192,2023-11-08,Fone Bluetooth,Acessórios,9,158.94,1430.46
193,2023-11-08,Notebook Dell,Informática,9,4515.28,40637.52
194,2023-05-12,Fone Bluetooth,Acessórios,8,137.3,1098.4
195,2023-09-02,Notebook HP,Informática,15,4030.04,60450.6
196,2023-12-14,Mouse Gamer,Acessórios,2,159.36,318.72
197,2023-11-26,Notebook Dell,Informática,14,4946.87,69256.18
198,2023-11-28,Smartphone Samsung,Telefonia,14,2336.46,32710.440000000002
199,2023-11-21,Smartphone Samsung,Telefonia,10,2364.41,23644.1
200,2023-10-07,Carregador USB,Acessórios,6,49.77,298.62
201,2023-08-28,Fone Bluetooth,Acessórios,1,150.64,150.64
202,2023-04-29,"Monitor 24""",Informática,7,1230.65,8614.550000000001
203,2023-01-16,Webcam HD,Acessórios,8,158.91,1271.28
204,2023-07-11,Webcam HD,Acessórios,6,184.7,1108.1999999999998
206,2023-12-08,Notebook HP,Informática,10,3619.7,36197.0
207,2023-04-22,Teclado Wireless,Acessórios,13,178.65,2322.4500000000003
208,2023-03-14,Webcam HD,Acessórios,8,174.73,1397.84
209,2023-09-11,Webcam HD,Acessórios,12,163.14,1957.6799999999998
211,2023-10-10,"Monitor 24""",Informática,1,1031.43,1031.43
212,2023-11-27,Fone Bluetooth,Acessórios,1,144.75,144.75
213,2023-03-14,"Monitor 24""",Informática,13,1301.35,16917.55
214,2023-03-01,Fone Bluetooth,Acessórios,8,134.12,1072.96
215,2023-08-12,Notebook Dell,Informática,10,4547.22,45472.200000000004
217,2023-07-31,Fone Bluetooth,Acessórios,1,149.65,149.65
218,2023-02-04,Webcam HD,Acessórios,4,158.24,632.96
219,2023-09-25,Smartphone Samsung,Telefonia,2,2469.88,4939.76
220,2023-05-25,Smartphone Samsung,Telefonia,10,2486.52,24865.2
221,2023-10-18,"Monitor 24""",Informática,2,1309.32,2618.64
222,2023-07-15,Smartphone Samsung,Telefonia,13,2626.61,34145.93
223,2023-07-27,Teclado Wireless,Acessórios,6,218.16,1308.96
225,2023-10-10,Notebook Dell,Informática,4,4852.05,19408.2
226,2023-07-12,Smartphone Samsung,Telefonia,8,2683.85,21470.8
227,2023-04-09,Fone Bluetooth,Acessórios,4,159.88,639.52
228,2023-02-21,Teclado Wireless,Acessórios,2,219.64,439.28
229,2023-11-01,Notebook Dell,Informática,8,4599.31,36794.48
230,2023-12-23,Mouse Gamer,Acessórios,2,143.75,287.5
231,2023-05-10,Smartphone Samsung,Telefonia,2,2390.32,4780.64
232,2023-02-02,Webcam HD,Acessórios,8,168.04,1344.32
233,2023-06-26,Fone Bluetooth,Acessórios,1,141.25,141.25
234,2023-12-17,Smartphone Samsung,Telefonia,3,2203.99,6611.969999999999
235,2023-09-27,Notebook HP,Informática,9,4219.81,37978.29
236,2023-01-25,iPhone,Telefonia,11,4404.5,48449.5
237,2023-01-11,Teclado Wireless,Acessórios,5,192.85,964.25
238,2023-10-27,Notebook HP,Informática,12,3679.67,44156.04
239,2023-12-05,Carregador USB,Acessórios,11,45.22,497.41999999999996
240,2023-02-12,Carregador USB,Acessórios,3,56.07,168.21
241,2023-01-22,Smartphone Samsung,Telefonia,11,2234.15,24575.65
242,2023-07-13,Webcam HD,Acessórios,8,157.81,1262.48
243,2023-12-27,Mouse Gamer,Acessórios,8,166.23,1329.84
244,2023-07-15,Teclado Wireless,Acessórios,12,185.66,2227.92
245,2023-07-15,Teclado Wireless,Acessórios,4,185.13,740.52
246,2023-01-06,"Monitor 24""",Informática,6,1206.17,7237.02
247,2023-08-12,Webcam HD,Acessórios,8,162.36,1298.88
248,2023-05-04,Smartphone Samsung,Telefonia,15,2417.6,36264.0
249,2023-04-17,Notebook HP,Informática,12,3899.31,46791.72
250,2023-04-02,Mouse Gamer,Acessórios,5,147.49,737.45
251,2023-11-01,Teclado Wireless,Acessórios,12,172.55,2070.6000000000004
252,2023-09-17,"Monitor 24""",Informática,3,1074.75,3224.25
253,2023-02-06,Carregador USB,Acessórios,11,55.07,605.77
254,2023-10-17,Webcam HD,Acessórios,7,202.24,1415.68
255,2023-11-18,iPhone,Telefonia,3,4740.46,14221.380000000001
256,2023-03-05,"Monitor 24""",Informática,9,1058.23,9524.07
257,2023-04-29,Mouse Gamer,Acessórios,4,147.71,590.84
258,2023-12-19,Smartphone Samsung,Telefonia,13,2287.6,29738.8
259,2023-09-02,Notebook HP,Informática,11,3595.41,39549.509999999995
260,2023-04-11,"Monitor 24""",Informática,8,1294.52,10356.16
261,2023-10-31,"Monitor 24""",Informática,2,1223.02,2446.04
262,2023-06-03,Notebook Dell,Informática,11,4096.54,45061.94
264,2023-06-13,Webcam HD,Acessórios,7,197.86,1385.02
265,2023-07-11,iPhone,Telefonia,4,4592.73,18370.92
266,2023-07-01,"Monitor 24""",Informática,13,1142.64,14854.320000000002
267,2023-08-28,"Monitor 24""",Informática,5,1172.6,5863.0
268,2023-07-23,Teclado Wireless,Acessórios,7,196.2,1373.3999999999999
269,2023-08-12,Fone Bluetooth,Acessórios,8,129.0,1032.0
270,2023-05-01,Smartphone Samsung,Telefonia,10,2581.2,25812.0
272,2023-05-13,Notebook Dell,Informática,3,4212.49,12637.47
273,2023-06-30,Smartphone Samsung,Telefonia,3,2374.18,7122.539999999999
274,2023-05-10,Teclado Wireless,Acessórios,5,199.7,998.5
275,2023-06-28,Teclado Wireless,Acessórios,8,198.88,1591.04
276,2023-08-12,Webcam HD,Acessórios,13,196.54,2555.02
277,2023-03-01,Notebook HP,Informática,7,3481.74,24372.18
279,2023-03-11,"Monitor 24""",Informática,1,1142.47,1142.47
280,2023-07-20,Teclado Wireless,Acessórios,3,211.02,633.0600000000001
281,2023-11-11,Smartphone Samsung,Telefonia,14,2784.92,38988.880000000005
282,2023-04-09,Notebook Dell,Informática,10,5090.62,50906.2
283,2023-09-19,"Monitor 24""",Informática,3,1232.36,3697.08
284,2023-05-21,"Monitor 24""",Informática,4,1298.93,5195.72
285,2023-04-02,Smartphone Samsung,Telefonia,7,2673.43,18714.01
286,2023-02-21,Fone Bluetooth,Acessórios,13,162.95,2118.35
287,2023-08-05,Mouse Gamer,Acessórios,13,131.88,1714.44
288,2023-04-09,Webcam HD,Acessórios,3,195.59,586.77
289,2023-02-03,Notebook Dell,Informática,11,4767.08,52437.88
290,2023-03-01,Teclado Wireless,Acessórios,1,172.78,172.78
291,2023-12-19,Teclado Wireless,Acessórios,3,204.62,613.86
292,2023-02-14,Webcam HD,Acessórios,9,174.72,1572.48
293,2023-08-26,Webcam HD,Acessórios,1,204.15,204.15
294,2023-09-13,Teclado Wireless,Acessórios,14,225.36,3155.04
295,2023-10-25,Notebook Dell,Informática,2,4911.69,9823.38
296,2023-09-05,iPhone,Telefonia,9,5500.1,49500.9
297,2023-07-22,Fone Bluetooth,Acessórios,5,171.31,856.55
298,2023-11-15,Fone Bluetooth,Acessórios,3,169.17,507.51
299,2023-09-03,"Monitor 24""",Informática,7,1021.03,7147.21
300,2023-07-19,Carregador USB,Acessórios,5,49.48,247.39999999999998
301,2023-12-27,Mouse Gamer,Acessórios,15,167.58,2513.7000000000003
302,2023-12-18,Mouse Gamer,Acessórios,12,130.41,1564.92
303,2023-02-10,Notebook HP,Informática,12,3574.84,42898.08
304,2023-05-30,Teclado Wireless,Acessórios,7,187.27,1310.89
305,2023-08-12,Fone Bluetooth,Acessórios,4,147.21,588.84
306,2023-10-15,Notebook Dell,Informática,14,3837.76,53728.64
307,2023-10-29,Webcam HD,Acessórios,8,160.64,1285.12
308,2023-08-15,Notebook HP,Informática,3,3416.83,10250.49
309,2023-05-04,iPhone,Telefonia,11,4755.27,52307.97
310,2023-06-10,Mouse Gamer,Acessórios,8,154.57,1236.56
311,2023-07-14,"Monitor 24""",Informática,3,1194.54,3583.62
312,2023-06-06,Teclado Wireless,Acessórios,1,185.3,185.3
313,2023-12-06,Notebook Dell,Informática,8,4361.02,34888.16
314,2023-01-19,iPhone,Telefonia,5,4419.53,22097.649999999998
315,2023-03-29,Mouse Gamer,Acessórios,13,151.35,1967.55
316,2023-11-02,Notebook HP,Informática,11,3263.74,35901.14
317,2023-12-22,Notebook Dell,Informática,5,4450.07,22250.35
318,2023-05-19,Fone Bluetooth,Acessórios,1,137.78,137.78
319,2023-03-15,"Monitor 24""",Informática,5,1275.3,6376.5
320,2023-09-26,Teclado Wireless,Acessórios,11,191.37,2105.07
321,2023-06-29,Mouse Gamer,Acessórios,2,171.91,343.82
322,2023-08-03,"Monitor 24""",Informática,9,1160.06,10440.539999999999
323,2023-06-30,Smartphone Samsung,Telefonia,12,2644.79,31737.48
324,2023-05-21,Carregador USB,Acessórios,13,44.82,582.66
325,2023-10-16,iPhone,Telefonia,11,5199.55,57195.05
327,2023-10-29,Teclado Wireless,Acessórios,11,214.62,2360.82
328,2023-07-03,Notebook HP,Informática,15,4151.33,62269.95
329,2023-09-11,Webcam HD,Acessórios,7,163.72,1146.04
330,2023-01-08,Fone Bluetooth,Acessórios,6,135.54,813.24
331,2023-04-12,Notebook Dell,Informática,9,3949.65,35546.85
332,2023-05-29,Teclado Wireless,Acessórios,14,185.47,2596.58
333,2023-06-12,Mouse Gamer,Acessórios,12,148.55,1782.6000000000001
334,2023-10-28,Notebook HP,Informática,11,4111.87,45230.57
335,2023-04-07,Fone Bluetooth,Acessórios,13,161.35,2097.5499999999997
336,2023-11-21,Carregador USB,Acessórios,6,44.01,264.06
337,2023-04-17,Fone Bluetooth,Acessórios,1,129.96,129.96
338,2023-12-10,Mouse Gamer,Acessórios,7,165.25,1156.75
339,2023-08-19,Notebook HP,Informática,11,3995.47,43950.17
340,2023-11-24,Notebook HP,Informática,10,4307.49,43074.899999999994
341,2023-06-04,Notebook HP,Informática,4,3352.03,13408.12
342,2023-05-08,Carregador USB,Acessórios,7,56.81,397.67
343,2023-03-10,Smartphone Samsung,Telefonia,7,2294.16,16059.119999999999
344,2023-12-17,Notebook HP,Informática,5,3294.64,16473.2
345,2023-06-10,Notebook HP,Informática,9,3861.07,34749.630000000005
346,2023-06-28,Mouse Gamer,Acessórios,1,169.48,169.48
347,2023-09-18,Mouse Gamer,Acessórios,5,139.51,697.55
348,2023-09-17,Smartphone Samsung,Telefonia,7,2863.07,20041.49
349,2023-07-04,Notebook Dell,Informática,7,4715.72,33010.04
350,2023-05-05,Webcam HD,Acessórios,10,175.45,1754.5
351,2023-02-11,Teclado Wireless,Acessórios,4,179.05,716.2
352,2023-09-25,Notebook HP,Informática,12,4262.73,51152.759999999995
353,2023-09-12,Notebook Dell,Informática,2,4776.92,9553.84
354,2023-07-22,Webcam HD,Acessórios,8,193.71,1549.68
355,2023-07-29,"Monitor 24""",Informática,10,1300.19,13001.900000000001
356,2023-12-14,Smartphone Samsung,Telefonia,3,2256.62,6769.86
357,2023-04-20,Teclado Wireless,Acessórios,6,172.54,1035.24
358,2023-11-03,Teclado Wireless,Acessórios,3,173.94,521.8199999999999
359,2023-06-05,Fone Bluetooth,Acessórios,6,132.62,795.72
360,2023-03-02,Fone Bluetooth,Acessórios,12,132.19,1586.28
361,2023-03-18,Notebook Dell,Informática,8,4833.39,38667.12
362,2023-08-26,Smartphone Samsung,Telefonia,5,2662.03,13310.150000000001
363,2023-04-25,Smartphone Samsung,Telefonia,7,2288.22,16017.539999999999
364,2023-11-30,iPhone,Telefonia,14,4479.46,62712.44
365,2023-10-16,Fone Bluetooth,Acessórios,1,160.39,160.39
366,2023-07-07,Fone Bluetooth,Acessórios,7,136.53,955.71
367,2023-06-23,Mouse Gamer,Acessórios,5,134.52,672.6
368,2023-03-31,Smartphone Samsung,Telefonia,5,2577.59,12887.95
369,2023-06-25,Carregador USB,Acessórios,11,55.11,606.21
370,2023-07-24,Teclado Wireless,Acessórios,12,178.29,2139.48
371,2023-06-08,Smartphone Samsung,Telefonia,9,2719.09,24471.81
372,2023-12-03,"Monitor 24""",Informática,12,1224.05,14688.599999999999
373,2023-12-02,iPhone,Telefonia,13,5389.43,70062.59
374,2023-09-23,Notebook HP,Informática,13,3603.5,46845.5
375,2023-01-06,Notebook HP,Informática,2,3807.17,7614.34
376,2023-09-24,"Monitor 24""",Informática,15,1069.7,16045.5
377,2023-02-18,Smartphone Samsung,Telefonia,12,2312.1,27745.199999999997
378,2023-05-28,Carregador USB,Acessórios,7,49.48,346.35999999999996
379,2023-03-16,Fone Bluetooth,Acessórios,13,167.74,2180.62
380,2023-11-18,Fone Bluetooth,Acessórios,5,134.22,671.1
382,2023-08-15,Smartphone Samsung,Telefonia,11,2765.92,30425.120000000003
383,2023-09-08,Fone Bluetooth,Acessórios,3,148.78,446.34000000000003
384,2023-05-10,"Monitor 24""",Informática,4,1206.35,4825.4
385,2023-07-14,Fone Bluetooth,Acessórios,11,140.22,1542.42
386,2023-07-15,Notebook Dell,Informática,9,4714.3,42428.700000000004
387,2023-02-12,Carregador USB,Acessórios,11,56.65,623.15
388,2023-04-24,Notebook HP,Informática,10,4214.82,42148.2
389,2023-07-19,Teclado Wireless,Acessórios,13,229.46,2982.98
390,2023-10-26,Fone Bluetooth,Acessórios,12,161.72,1940.6399999999999
391,2023-05-02,Mouse Gamer,Acessórios,12,162.56,1950.72
392,2023-08-26,Webcam HD,Acessórios,11,187.0,2057.0
393,2023-08-10,"Monitor 24""",Informática,15,1058.8,15882.0
394,2023-03-22,Notebook Dell,Informática,5,3881.1,19405.5
395,2023-10-06,Notebook HP,Informática,12,3480.41,41764.92
396,2023-12-29,Mouse Gamer,Acessórios,5,146.03,730.15
397,2023-11-30,Webcam HD,Acessórios,8,172.1,1376.8
398,2023-07-01,"Monitor 24""",Informática,4,1023.56,4094.24
399,2023-06-23,Mouse Gamer,Acessórios,2,130.65,261.3
400,2023-12-28,Notebook Dell,Informática,2,4090.76,8181.52
401,2023-12-20,Notebook HP,Informática,12,3243.84,38926.08
403,2023-10-21,Notebook Dell,Informática,3,4059.87,12179.61
404,2023-09-14,Teclado Wireless,Acessórios,4,178.56,714.24
405,2023-04-08,Smartphone Samsung,Telefonia,12,2569.15,30829.800000000003
406,2023-06-18,Teclado Wireless,Acessórios,12,191.94,2303.2799999999997
407,2023-07-18,Fone Bluetooth,Acessórios,11,169.72,1866.92
408,2023-09-26,Notebook HP,Informática,4,3955.73,15822.92
409,2023-04-24,Notebook HP,Informática,10,4006.51,40065.100000000006
410,2023-12-13,iPhone,Telefonia,11,4623.08,50853.88
411,2023-02-28,Teclado Wireless,Acessórios,10,176.38,1763.8
412,2023-02-02,"Monitor 24""",Informática,10,1089.57,10895.699999999999
413,2023-02-21,Teclado Wireless,Acessórios,12,191.14,2293.68
414,2023-10-25,Notebook HP,Informática,7,3858.99,27012.93
415,2023-06-15,Mouse Gamer,Acessórios,6,142.23,853.3799999999999
416,2023-10-15,Fone Bluetooth,Acessórios,11,148.96,1638.5600000000002
417,2023-05-20,Fone Bluetooth,Acessórios,3,156.93,470.79
418,2023-11-15,iPhone,Telefonia,4,4822.12,19288.48
419,2023-09-03,iPhone,Telefonia,2,5519.62,11039.24
420,2023-02-05,Notebook HP,Informática,15,4280.69,64210.34999999999
421,2023-08-07,Webcam HD,Acessórios,3,195.44,586.3199999999999
422,2023-01-10,Smartphone Samsung,Telefonia,7,2562.56,17937.92
423,2023-06-19,Webcam HD,Acessórios,13,171.98,2235.74
424,2023-03-19,Teclado Wireless,Acessórios,1,226.77,226.77
425,2023-10-23,Smartphone Samsung,Telefonia,15,2769.01,41535.15
426,2023-10-30,Webcam HD,Acessórios,9,191.06,1719.54
427,2023-06-07,Teclado Wireless,Acessórios,13,229.19,2979.47
428,2023-12-17,Webcam HD,Acessórios,8,197.21,1577.68
429,2023-02-12,Smartphone Samsung,Telefonia,6,2451.73,14710.380000000001
430,2023-03-05,Notebook Dell,Informática,2,4004.42,8008.84
431,2023-12-06,Notebook HP,Informática,4,3405.99,13623.96
432,2023-04-18,Mouse Gamer,Acessórios,4,162.61,650.44
433,2023-02-28,Mouse Gamer,Acessórios,7,151.14,1057.98
434,2023-11-29,iPhone,Telefonia,9,5287.79,47590.11
435,2023-02-24,iPhone,Telefonia,12,4490.4,53884.799999999996
436,2023-12-08,iPhone,Telefonia,13,5263.47,68425.11
437,2023-08-04,Carregador USB,Acessórios,15,47.08,706.1999999999999
438,2023-02-26,Smartphone Samsung,Telefonia,11,2422.91,26652.01
439,2023-07-04,Smartphone Samsung,Telefonia,8,2288.24,18305.92
440,2023-01-30,iPhone,Telefonia,1,4439.24,4439.24
441,2023-01-27,Carregador USB,Acessórios,15,51.97,779.55
442,2023-04-19,Carregador USB,Acessórios,15,45.58,683.6999999999999
443,2023-07-02,Fone Bluetooth,Acessórios,10,131.95,1319.5
444,2023-08-29,Carregador USB,Acessórios,5,56.0,280.0
445,2023-01-16,Fone Bluetooth,Acessórios,14,158.18,2214.52
446,2023-06-07,iPhone,Telefonia,13,5098.95,66286.34999999999
447,2023-07-09,Notebook Dell,Informática,15,4550.56,68258.40000000001
448,2023-08-13,Notebook HP,Informática,13,4311.08,56044.04
449,2023-05-03,iPhone,Telefonia,12,4578.43,54941.16
451,2023-07-23,Webcam HD,Acessórios,9,158.47,1426.23
452,2023-09-15,Fone Bluetooth,Acessórios,10,130.49,1304.9
453,2023-05-16,Mouse Gamer,Acessórios,12,153.89,1846.6799999999998
454,2023-02-18,Carregador USB,Acessórios,1,49.67,49.67
455,2023-12-15,iPhone,Telefonia,8,4513.46,36107.68
456,2023-09-25,"Monitor 24""",Informática,3,1098.89,3296.67
457,2023-04-29,Notebook HP,Informática,8,4213.35,33706.8
458,2023-01-27,Smartphone Samsung,Telefonia,6,2417.82,14506.920000000002
459,2023-03-28,"Monitor 24""",Informática,9,1154.52,10390.68
460,2023-10-02,iPhone,Telefonia,6,4754.2,28525.199999999997
461,2023-05-21,Teclado Wireless,Acessórios,14,189.77,2656.78
462,2023-03-09,Teclado Wireless,Acessórios,6,191.97,1151.82
463,2023-02-24,Fone Bluetooth,Acessórios,8,153.36,1226.88
464,2023-09-09,Fone Bluetooth,Acessórios,1,131.24,131.24
465,2023-05-01,"Monitor 24""",Informática,9,1065.24,9587.16
466,2023-01-25,Fone Bluetooth,Acessórios,13,133.55,1736.15
467,2023-08-18,Carregador USB,Acessórios,2,56.88,113.76
468,2023-12-23,iPhone,Telefonia,9,4554.85,40993.65
469,2023-06-04,Webcam HD,Acessórios,14,174.76,2446.64
470,2023-12-26,Webcam HD,Acessórios,12,198.53,2382.36
471,2023-04-26,Teclado Wireless,Acessórios,15,184.47,2767.05
472,2023-08-18,Webcam HD,Acessórios,10,165.51,1655.1
474,2023-07-11,iPhone,Telefonia,9,5543.35,49890.15
476,2023-08-13,Notebook Dell,Informática,13,3889.8,50567.4
477,2023-04-14,iPhone,Telefonia,11,4592.08,50512.88
478,2023-04-06,Fone Bluetooth,Acessórios,8,144.0,1152.0
480,2023-10-01,Teclado Wireless,Acessórios,15,227.09,3406.35
481,2023-01-19,Notebook Dell,Informática,5,4620.84,23104.2
482,2023-09-24,Fone Bluetooth,Acessórios,13,142.03,1846.39
483,2023-12-14,iPhone,Telefonia,6,4788.88,28733.28
484,2023-04-25,Teclado Wireless,Acessórios,4,172.18,688.72
485,2023-08-03,Mouse Gamer,Acessórios,8,153.2,1225.6
486,2023-10-02,Smartphone Samsung,Telefonia,13,2231.06,29003.78
487,2023-08-29,Teclado Wireless,Acessórios,8,200.58,1604.64
488,2023-10-09,Mouse Gamer,Acessórios,3,170.9,512.7
489,2023-04-07,Smartphone Samsung,Telefonia,2,2597.26,5194.52
490,2023-06-17,Notebook Dell,Informática,7,5159.3,36115.1
491,2023-12-10,Mouse Gamer,Acessórios,13,163.36,2123.6800000000003
492,2023-09-03,Carregador USB,Acessórios,9,55.64,500.76
494,2023-06-24,iPhone,Telefonia,5,5313.14,26565.7
495,2023-04-08,Carregador USB,Acessórios,2,55.49,110.98
496,2023-09-21,Webcam HD,Acessórios,14,154.53,2163.42
497,2023-06-12,iPhone,Telefonia,14,4741.97,66387.58
498,2023-07-12,Teclado Wireless,Acessórios,14,227.42,3183.8799999999997
499,2023-07-16,Webcam HD,Acessórios,4,166.99,667.96
500,2023-12-13,Notebook Dell,Informática,8,4062.28,32498.24
